source,target,L,U,T
0,0,0.0323482546348811,7.2140164647266385,5.996044880858694
1,0,2.2789533694256052,5.569885091249347,4.7717359764233755
0,1,1.6908348069999135,4.520595782933902,3.1044447610821324
1,1,1.0955805383831232,2.8658215007456773,2.002770421504366
