{
  "d_value": 50.0,
  "final_loss": 73.75080871582031,
  "converged_epoch": 285,
  "gt_par_index": 752,
  "rec_par_index": 357,
  "same_region": false,
  "L_mae": 0.5020983599005828,
  "U_mae": 2.303950359354716,
  "T_mae": 1.8813839035169424,
  "L_mre": 0.429076447068837,
  "U_mre": 0.3605058554825547,
  "T_mre": 0.3928210602506093,
  "gt_morse_str": "{\"poset\":[[],[],[3],[]],\"annotations\":[[\"FP { 2, 0 }\"],[\"FP { 2, 2 }\"],[\"FC\"],[\"FP { 1, 2 }\"]]}",
  "rec_morse_str": "{\"poset\":[[],[]],\"annotations\":[[\"FP { 2, 0 }\"],[\"FP { 2, 2 }\"]]}"
}