{
  "L": [
    [
      0.8745135068893433,
      1.2322804927825928
    ],
    [
      0.856149435043335,
      1.2004938125610352
    ]
  ],
  "U": [
    [
      2.663386344909668,
      3.2857789993286133
    ],
    [
      2.5835227966308594,
      3.8388686180114746
    ]
  ],
  "T": [
    [
      1.8237395286560059,
      2.278916358947754
    ],
    [
      1.745788812637329,
      2.5947647094726562
    ]
  ],
  "d": [
    [
      3.698519229888916,
      2.8292508125305176
    ],
    [
      3.7259438037872314,
      4.260050296783447
    ]
  ]
}