source,target,L,U,T
0,0,0.5393408387338261,7.527845039674554,5.939749671813331
1,0,1.2507188909560003,2.7955512754924543,2.0307045585773333
0,1,0.9250541396929032,4.769437281849527,3.122743686861478
1,1,2.1719187750054942,6.494524599282944,4.875547106529372
