{
  "d_value": 100.0,
  "final_loss": 0.14328153431415558,
  "converged_epoch": 1159,
  "gt_par_index": 712,
  "rec_par_index": 1337,
  "same_region": false,
  "L_mae": 0.31527260904648485,
  "U_mae": 1.6381061324293034,
  "T_mae": 1.4281631708145142,
  "L_mre": 5.186250106297145,
  "U_mre": 2.9463949960197016,
  "T_mre": 3.173003494739533,
  "gt_morse_str": "{\"poset\":[[],[],[],[]],\"annotations\":[[\"FC\"],[\"FP { 1, 2 }\"],[\"FP { 2, 0 }\"],[\"FP { 2, 2 }\"]]}",
  "rec_morse_str": "{\"poset\":[[1,2],[],[]],\"annotations\":[[\"FC\"],[\"FP { 0, 0 }\"],[\"FP { 2, 0 }\"]]}"
}