{
  "L": [
    [
      0.5952261686325073,
      0.608264684677124
    ],
    [
      0.5947875380516052,
      0.6775733232498169
    ]
  ],
  "U": [
    [
      2.91270112991333,
      1.923351764678955
    ],
    [
      2.9162237644195557,
      2.918370008468628
    ]
  ],
  "T": [
    [
      2.1426191329956055,
      1.2327005863189697
    ],
    [
      2.1826560497283936,
      2.154676914215088
    ]
  ],
  "d": [
    [
      6.7997145652771,
      2.45074462890625
    ],
    [
      6.0312581062316895,
      5.675750732421875
    ]
  ]
}