source,target,L,U,T
0,0,0.9459705671459688,6.328238221697333,5.898971715370646
1,0,0.4222811488898035,2.933991003627808,2.0493531891956733
0,1,0.4877654806160182,3.503486838684513,3.269987112269359
1,1,3.7437263630063384,4.600452650754599,4.576096436206319
