data_type,approx_type,run_id,seed,final_loss,converged_epoch,param_0,param_1,param_mean,param_std
heaviside,hill,0,1000,0.2178919017314911,5311,6.069981,7.238983,6.654482,0.584501
heaviside,piecewise,0,1000,0.23589164018630981,2948,0.39091235,1.2234355,0.80717397,0.41626158
hill,hill,0,1000,0.218680739402771,4593,5.9071493,6.508084,6.207617,0.30046725
hill,piecewise,0,1000,0.23611785471439362,2590,0.4309627,1.2106706,0.82081664,0.38985392
piecewise,hill,0,1000,0.20871050655841827,9953,5.154704,33.73802,19.446363,14.291658
piecewise,piecewise,0,1000,0.23589164018630981,2948,0.39091235,1.2234355,0.80717397,0.41626158
